Mă hŕng,Tęn hŕng,??n v? tính,Nhóm hŕng,T?n kho,Giá v?n,Giá nh?p cu?i,B?ng giá chung
SP001172,Coca chai 600ml,L?c,N??c Ng?t,120.0,"38,224.98","34,750.0","42,000.0"
SP001171,Coca chai 600ml,Thůng,N??c Ng?t,30.0,"152,899.92","139,000.0","165,000.0"
SP001170,"Coca chai 1,5L",L?c,N??c Ng?t,70.0,"79,200.0","72,000.0","85,000.0"
SP001169,"Coca chai 1,5L",Chai,N??c Ng?t,420.0,"13,200.0","12,000.0","15,000.0"
SP001168,"S?a ??c ngôi sao ph??ng nam gi?y 1,284kg",Thůng,S?a,20.420,"744,999.96","689,814.84","760,000.0"
SP001167,Bánh Nabati Phô Mai gói nh? 50g,Thůng,Bánh,4.0,"282,252.0","261,344.34","420,000.0"
SP001166,Banh qu? Cosy Que,Thůng,Bánh,4.790,"247,999.92","229,629.62","312,000.0"
SP001165,Bánh g?o One One v? phô mai ngô,Thůng,Bánh,4.950,"425,000.0","393,518.51","460,000.0"
SP001164,Bánh g?o Nh?t Ichi 100gr,Thůng,Bánh,4.850,"280,000.0","259,259.25",0.0
SP001163,Bánh g?o Nh?t Ichi 100gr,Gói,Bánh,97.0,"14,000.0","12,962.96","16,000.0"
SP001162,S?a ??c Ông Th? 380g,Lon,S?a,254.0,"24,041.67","22,260.80","26,000.0"
1707127013386,D?u ??u nŕnh Simply 1L,Chai,D?u ?n - Gia V? - N??c Ch?m,2.0,0.0,0.0,0.0
SP001161,Ensure Gold 380g,H?p,S?a,1.0,"395,520.34","390,740.74",0.0
SP001160,Ensure Gold 800g,H?p,S?a,0.0,0.0,"837,962.96",0.0
SP001159,Cŕ Phę S?a VinaCafé,Thůng,Cŕ Phę,0.70,"1,303,704.0","1,303,704.0","1,500,000.0"
SP001158,Cŕ Phę S?a VinaCafé,B?ch,Cŕ Phę,14.0,"65,185.20","65,185.20","75,000.0"
SP001157,Cŕ phę Wake Up Sŕi Gňn,Thůng,Cŕ Phę,1.350,"875,926.0","875,926.0","1,000,000.0"
SP001156,Cŕ phę Wake Up Sŕi Gňn,B?ch,Cŕ Phę,27.0,"43,796.30","43,796.30","50,000.0"
SP001155,T??ng ?t Chinsu 500g,Thůng,D?u ?n - Gia V? - N??c Ch?m,1.50,"310,812.0","310,812.0","384,000.0"
SP001154,T??ng ?t Chinsu 500g,L?c,D?u ?n - Gia V? - N??c Ch?m,3.0,"155,406.0","155,406.0","192,000.0"
SP001153,T??ng ?t Chinsu 500g,Chai,D?u ?n - Gia V? - N??c Ch?m,18.0,"25,901.0","25,901.0","32,000.0"
SP001149,N??c T??ng Tam Thái T? Nh?t Ca 500ml,Thůng,D?u ?n - Gia V? - N??c Ch?m,4.710,"385,759.68","385,759.68","480,000.0"
SP001148,N??c T??ng Tam Thái T? Nh?t Ca 500ml,L?c,D?u ?n - Gia V? - N??c Ch?m,18.830,"96,439.92","96,439.92","120,000.0"
SP001147,N??c T??ng Tam Thái T? Nh?t Ca 500ml,Chai,D?u ?n - Gia V? - N??c Ch?m,113.0,"16,073.32","16,073.32","20,000.0"
SP001146,N??c M?m Nam Ng? ?? Nh? 900ml,Thůng,D?u ?n - Gia V? - N??c Ch?m,69.730,"294,444.45","294,444.45","360,000.0"
SP001145,N??c M?m Nam Ng? ?? Nh? 900ml,Chai,D?u ?n - Gia V? - N??c Ch?m,"1,046.0","19,629.63","19,629.63","24,000.0"
SP001144,N??c t?ng l?c R?ng ?? v? dâu 330ml,Thůng,N??c Ng?t,30.0,"100,658.40","106,496.27","122,000.0"
SP001143,N??c t?ng l?c R?ng ?? v? dâu 330ml,Chai,N??c Ng?t,720.0,"4,194.10","4,437.34",0.0
SP001142,Trŕ Xanh C2 v? Chanh 355ml,Thůng,N??c Ng?t,6.0,"117,216.48","124,014.55","140,000.0"
SP001141,Trŕ Xanh C2 v? Chanh 355ml,Chai,N??c Ng?t,144.0,"4,884.02","5,167.27",0.0
SP001140,Trŕ Xanh C2 v? Dâu Anh ?ŕo 455ml,Thůng,N??c Ng?t,1.0,"148,479.84","157,090.91","178,000.0"
SP001139,Trŕ Xanh C2 v? Dâu Anh ?ŕo 455ml,Chai,N??c Ng?t,24.0,"6,186.66","6,545.45",0.0
SP001138,Trŕ Xanh C2 v? D?a L??i B?c Hŕ 455ml,Thůng,N??c Ng?t,4.0,"148,479.84","157,090.91","178,000.0"
SP001137,Trŕ Xanh C2 v? D?a L??i B?c Hŕ 455ml,Chai,N??c Ng?t,96.0,"6,186.66","6,545.45",0.0
SP001136,Trŕ Xanh C2 v? ?i H?ng Chanh Dây 455ml,Thůng,N??c Ng?t,2.0,"148,479.84","157,090.91","178,000.0"
SP001135,Trŕ Xanh C2 v? ?i H?ng Chanh Dây 455ml,Chai,N??c Ng?t,48.0,"6,186.66","6,545.45",0.0
SP001134,Lifebuoy d?u g?i d??ng tóc 640g,Chai,Ch?m Sóc Cá Nhân,2.0,"77,180.67","90,818.0","95,000.0"
SP001133,Bŕn Ch?i ?ánh R?ng P/S,V?,Ch?m Sóc Cá Nhân,11.580,"164,709.0","193,812.0","216,000.0"
SP001132,Bŕn Ch?i ?ánh R?ng P/S,Cây,Ch?m Sóc Cá Nhân,139.0,"13,725.75","16,151.0","18,000.0"
SP001131,D?u g?i Lifebuoy D??ng Tóc Óng ?,Dây,Ch?m Sóc Cá Nhân,74.0,"6,180.88","7,273.0","8,000.0"
SP001130,Bň Húc Redbull Thái 250ml,L?c,N??c Ng?t,879.0,"72,237.78","66,500.0","77,000.0"
SP001129,B? Th?c V?t Meizan 80g,H?p,D?u ?n - Gia V? - N??c Ch?m,14.0,"5,908.65","5,802.47","10,000.0"
SP001128,B? Th?c V?t Meizan 200g,H?p,D?u ?n - Gia V? - N??c Ch?m,6.0,"10,662.72","11,651.23","18,000.0"
SP001127,D?u ??u nŕnh Simply 2L,Chai,D?u ?n - Gia V? - N??c Ch?m,15.0,"116,382.08","111,882.72","115,000.0"
SP001126,D?u g?o l?t Simply 1L,Chai,D?u ?n - Gia V? - N??c Ch?m,4.0,0.0,0.0,"58,000.0"
SP001125,Aquafina 500ml,Thůng,N??c Ng?t,97.0,"82,999.92","76,851.85","92,000.0"
SP001124,Aquafina 500ml,Chai,N??c Ng?t,"2,328.0","3,458.33","3,202.16","5,000.0"
SP001123,Gói Th?c ph?m dinh d??ng Glucerna h??ng vani 220ml,Gói,S?a,3.0,"517,487.16","514,351.86",0.0
SP001122,Glucerna H??ng Vani 220ml,L?c,S?a,0.0,"278,822.94","280,555.56","295,000.0"
SP001121,Glucerna H??ng Vani 220ml,Chai,S?a,0.0,"46,470.49","46,759.26",0.0
SP001120,T??ng ?t Chinsu Chai 250g,Thůng,D?u ?n - Gia V? - N??c Ch?m,14.380,"327,327.36","330,651.12","408,000.0"
SP001119,T??ng ?t Chinsu Chai 250g,L?c,D?u ?n - Gia V? - N??c Ch?m,43.130,"109,109.12","110,217.04","136,000.0"
SP001118,T??ng ?t Chinsu Chai 250g,Chai,D?u ?n - Gia V? - N??c Ch?m,345.0,"13,638.64","13,777.13","17,000.0"
SP001117,N??c T??ng Tam Thái T? Nh? Ca,Thůng,D?u ?n - Gia V? - N??c Ch?m,24.360,"134,956.50","136,669.0","162,000.0"
SP001116,N??c T??ng Tam Thái T? Nh? Ca,L?c,D?u ?n - Gia V? - N??c Ch?m,101.50,"32,389.56","32,800.56","42,000.0"
SP001115,N??c T??ng Tam Thái T? Nh? Ca,Chai,D?u ?n - Gia V? - N??c Ch?m,609.0,"5,398.26","5,466.76","8,000.0"
SP001114,N??c M?m Nam Ng? 750ml,Thůng,D?u ?n - Gia V? - N??c Ch?m,14.280,"706,951.80","714,206.34","810,000.0"
SP001113,N??c M?m Nam Ng? 750ml,L?c,D?u ?n - Gia V? - N??c Ch?m,42.830,"235,650.60","238,068.78","270,000.0"
SP001112,N??c M?m Nam Ng? 750ml,Chai,D?u ?n - Gia V? - N??c Ch?m,257.0,"39,275.10","39,678.13","47,000.0"
SP001111,???ng Kính Tr?ng Túi 1Kg,Bao 50Kg,???ng,10.740,"925,000.0","925,000.0","1,150,000.0"
SP001110,???ng Kính Tr?ng Túi 1Kg,Túi 1Kg,???ng,537.0,"18,500.0","18,500.0","23,000.0"
SP001109,???ng Kính Tr?ng Bao 50kg,Bao 50KG,???ng,12.0,"776,000.0","776,000.0","860,000.0"
SP001108,???ng Kính Tr?ng Bao 50kg,Bao 1KG,???ng,600.0,"15,520.0","15,520.0",0.0
SP001107,H?ng Trŕ Tea 365 H??ng ?ŕo,Thůng,N??c Ng?t,24.0,"158,111.52","151,818.24","175,000.0"
SP001106,H?ng Trŕ Tea 365 H??ng ?ŕo,L?c,N??c Ng?t,96.0,"39,527.88","37,954.56",0.0
SP001105,H?ng Trŕ Tea 365 H??ng ?ŕo,Chai,N??c Ng?t,576.0,"6,587.98","6,325.76",0.0
SP001104,N??c y?n nha ?am 500ml,Thůng,N??c Ng?t,25.0,"163,605.60","163,605.60","190,000.0"
SP001103,N??c y?n nha ?am 500ml,L?c,N??c Ng?t,100.0,"40,901.40","40,901.40",0.0
SP001102,Mě Kokomi ??i 90 tôm chua cay,Thůng,Mě Tôm,1.0,"101,851.80","101,851.80","115,000.0"
SP001101,Mě Kokomi ??i 90 tôm chua cay,Gói,Mě Tôm,30.0,"3,395.06","3,395.06",0.0
SP001100,S?a Ensure Original 237ml,L?c,S?a,32.830,"221,006.28","222,222.24","250,000.0"
SP001099,N??c su?i number one 500ml,L?c,N??c Ng?t,195.750,0.0,0.0,"24,000.0"
SP000227,Pepsi chai nh?a 390ml,Thůng,N??c Ng?t,-20.0,"163,636.32","163,636.32","120,000.0"
SP000226,Pepsi chai nh?a 390ml,L?c,N??c Ng?t,-80.0,"40,909.08","40,909.08","45,000.0"
SP000225,Bánh g?o An v? t?o bi?n,Thůng,Bánh,6.10,"277,778.0","277,778.0","300,000.0"
SP000223,Bánh g?o An Chŕ Bông,Gói,"Bánh, k?o, snack >> Bánh",86.0,"24,537.0","24,537.0","28,000.0"
SP000224,Bánh g?o An Chŕ Bông,Thůng,"Bánh, k?o, snack >> Bánh",8.60,"245,370.0","245,370.0","280,000.0"
SP000222,Bánh quy Magic,Thůng,Bánh,1.690,"353,718.56","376,296.30","480,000.0"
SP000221,K?o Sôcôla B?c Hŕ Dynamite 112.5g x 36,Thůng,"Bánh, k?o, snack",-0.060,"359,130.60","426,666.67","540,000.0"
SP000220,K?o Sôcôla B?c Hŕ Dynamite 112.5g x 36,Gói,"Bánh, k?o, snack",-2.0,"9,975.85","11,851.85","15,000.0"
SP000219,Cŕ Phę Ph?,H?p,Cŕ Phę,81.0,"39,814.81","39,814.81","45,000.0"
SP000218,Cŕ phę Trung Nguyęn I 500g,Gói,Cŕ Phę,-80.0,0.0,0.0,0.0
SP000217,Cŕ phę Trung Nguyęn S 500g,Gói,Cŕ Phę,-5.0,0.0,0.0,"70,000.0"
SP000216,Aquafina 5 Lít,Thůng,N??c Ng?t,14.250,"83,333.32","83,333.33","100,000.0"
SP000215,Aquafina 5 Lít,Chai,N??c Ng?t,57.0,"20,833.33","20,833.33","25,000.0"
SP000214,Revive chanh mu?i chai 390ml,Thůng,N??c Ng?t,0.080,"133,636.32","133,636.36","150,000.0"
SP000213,Revive chanh mu?i chai 390ml,L?c,N??c Ng?t,0.330,"33,409.08","33,409.09","60,000.0"
SP000212,Revive chanh mu?i chai 390ml,Chai,N??c Ng?t,2.0,"5,568.18","5,568.18","10,000.0"
SP000209,Pocari Sweat 500ml,Thůng,N??c Ng?t,76.0,"260,401.44","272,736.0","310,000.0"
SP000208,Pocari Sweat 500ml,L?c,N??c Ng?t,304.0,"65,100.36","68,184.0","84,000.0"
SP000207,Pocari Sweat 500ml,Chai,N??c Ng?t,"1,824.0","10,850.06","11,364.0","14,000.0"
SP000206,7 Up chanh chai 390ml,Thůng,N??c Ng?t,-7.290,0.0,0.0,0.0
SP000205,7 Up chanh chai 390ml,L?c,N??c Ng?t,-29.170,0.0,0.0,0.0
SP000204,7 Up chanh chai 390ml,Chai,N??c Ng?t,-175.0,0.0,0.0,"120,000.0"
SP000203,Mě Cung ?ěnh v? l?u tôm chua cay,Thůng,Mě Tôm,-1.0,0.0,0.0,0.0
SP000202,Mě Cung ?ěnh v? l?u tôm chua cay,Ly,Mě Tôm,-24.0,0.0,0.0,0.0
SP000201,Bánh quy Cream kem vanilla,Gói,Bánh,-42.0,0.0,0.0,0.0
SP000200,Bánh blasto,Gói,Bánh,0.0,0.0,0.0,0.0
SP000199,Bánh Nabati Phô Mai gói nh? 50g,Gói,Bánh,240.0,"4,704.20","4,355.74","6,000.0"
SP000198,Bánh X?p phô mai Cal chesse,Gói,Bánh,"-135,000.0",0.0,0.0,0.0
SP000197,Bánh cest Bon s?i th?t gŕ s?t kem phô,Gói,Bánh,-1.0,0.0,0.0,0.0
SP000196,Bánh t??i Karo,Gói,Bánh,-1.0,0.0,0.0,0.0
SP000195,Bánh Akiko snack que nhân s?a,Gói,Bánh,0.0,0.0,0.0,0.0
SP000194,Bánh Orion b?ng bang,Gói,Bánh,0.0,0.0,0.0,0.0
SP000193,Bán qu? go choco rollz,H?p,Bánh,0.0,0.0,0.0,0.0
SP000192,Bánh malkist cream Cracker,H?p,Bánh,0.0,0.0,0.0,0.0
SP000191,Bánh x?p socola superstar,H?p,Bánh,0.0,0.0,0.0,0.0
SP000190,Bánh quy Magic,H?p,Bánh,27.0,"22,107.41","23,518.52","30,000.0"
SP000189,Bánh kem X?p phô mai Nabati,H?p,Bánh,-2.0,0.0,0.0,0.0
SP000188,Bánh AFC v? rau,H?p,Bánh,0.0,0.0,0.0,0.0
SP000187,Bánh qu? Cosy v? d?a,Gói,Bánh,0.0,0.0,0.0,0.0
SP000186,Bánh qu? Cosy v? dâu,Gói,Bánh,0.0,0.0,0.0,0.0
SP000185,Banh qu? Cosy Que,Gói,Bánh,115.0,"10,333.33","9,567.90","13,000.0"
SP000184,Bánh quy Cosy Marie b?ch 20 gói,B?ch,Bánh,0.0,0.0,0.0,0.0
SP000183,Bánh quy Cosy Marie 480g,Túi,Bánh,7.0,"42,499.13","39,351.0","50,000.0"
8934680113878,Bánh quy Cosy Marie gói dŕi,Gói,Bánh,0.0,0.0,0.0,0.0
SP000182,Bánh Solite v? dâu,H?p,Bánh,0.0,0.0,0.0,0.0
SP000181,Bánh Solite v? lá d?a,H?p,Bánh,0.0,0.0,0.0,0.0
SP000180,Bánh g?o One One v? phô mai ngô,Gói,Bánh,99.0,"21,250.0","19,675.93","23,000.0"
SP000179,Bánh g?o One One v? ng?t d?u,Gói,Bánh,0.0,0.0,0.0,0.0
SP000178,Bánh g?o One One v? bň n??ng,Gói,Bánh,0.0,0.0,0.0,0.0
SP000177,Bánh g?o n??ng Haku v? mč rang,Gói,Bánh,0.0,0.0,0.0,0.0
SP000176,Bánh g?o Okome v? t?o bi?n,Gói,Bánh,0.0,0.0,0.0,0.0
SP000175,Bánh g?o Ichi v? m?t ong,Gói,Bánh,0.0,0.0,0.0,0.0
SP000174,Bánh g?o An v? t? nhięn,Gói,Bánh,0.0,0.0,0.0,0.0
SP000173,Bánh g?o An v? t?o bi?n,Gói,Bánh,122.0,"13,888.90","13,888.90","15,000.0"
SP000172,Bánh Chocopie h?p 6 cái,H?p,Bánh,-2.0,0.0,0.0,0.0
SP000171,Bánh Chocopie h?p 12 cái,H?p,Bánh,-8.0,0.0,0.0,0.0
SP000170,Bánh tr?ng Custas Orion 12 cái,H?p,Bánh,-3.0,0.0,0.0,0.0
SP000169,Bánh Custas 6 cái,H?p,Bánh,0.0,0.0,0.0,0.0
SP000168,Bánh Goute mč 4 gói,H?p,Bánh,0.0,0.0,0.0,"25,000.0"
SP000167,Bánh Goute mč 10 gói,H?p,Bánh,-4.0,0.0,0.0,"45,000.0"
SP000166,Mi?n Phú H??ng s??n heo,Thůng,Mě Tôm,-3.0,0.0,0.0,"240,000.0"
SP000165,Mi?n Phú H??ng s??n heo,Gói,Mě Tôm,-72.0,0.0,0.0,0.0
SP000164,M? Ba Mi?n tôm chua cay,Thůng,Mě Tôm,0.0,0.0,0.0,0.0
SP000163,Mě G?u ?? gŕ s?i ph?,Thůng,Mě Tôm,-1.0,0.0,0.0,0.0
SP000162,Mě Cung ?ěnh Kool,Thůng,Mě Tôm,0.0,0.0,0.0,0.0
SP000161,Mě Cung ?ěnh Kool,Tô,Mě Tôm,0.0,0.0,0.0,0.0
SP000160,Cháo th?t b?m G?u ??,Thůng,Mě Tôm,-2.0,0.0,0.0,0.0
SP000159,Cháo th?t b?m G?u ??,Gói,Mě Tôm,-100.0,0.0,0.0,0.0
SP000158,Mě G?u ?? chay rau n?m,Thůng,Mě Tôm,0.0,0.0,0.0,0.0
SP000157,Mě G?u ?? chay rau n?m,Gói,Mě Tôm,0.0,0.0,0.0,0.0
SP000156,Mě G?u ?? tôm vŕ gŕ,Thůng,Mě Tôm,0.0,0.0,0.0,0.0
SP000155,Mě G?u ?? tôm vŕ gŕ,Gói,Mě Tôm,0.0,0.0,0.0,0.0
SP000154,Mě gi?y Miliket,Thůng,Mě Tôm,-6.0,0.0,0.0,0.0
SP000153,Mě gi?y Miliket,Gói,Mě Tôm,-180.0,0.0,0.0,0.0
SP000152,Ph? bň Vifon,Thůng,Mě Tôm,0.0,0.0,0.0,0.0
SP000151,Ph? bň Vifon,Gói,Mě Tôm,0.0,0.0,0.0,0.0
SP000150,Mě A one th?t xŕo,Thůng,Mě Tôm,0.0,0.0,0.0,0.0
SP000149,Mě A one th?t xŕo,Gói,Mě Tôm,0.0,0.0,0.0,0.0
SP000148,Mě h?i s?n Siukay,Thůng,Mě Tôm,0.0,"236,111.04","236,111.11","270,000.0"
SP000147,Mě h?i s?n Siukay,Gói,Mě Tôm,0.0,"9,837.96","9,837.96",0.0
SP000145,H? ti?u nam vang,Thůng,Mě Tôm,15.0,"211,049.40","222,222.22","240,000.0"
SP000144,H? ti?u nam vang,Gói,Mě Tôm,450.0,"7,034.98","7,407.41",0.0
SP000143,Bún giň heo,Thůng,Mě Tôm,0.0,"212,259.30","222,222.22","240,000.0"
SP000142,Bún giň heo,Gói,Mě Tôm,0.0,"7,075.31","7,407.41",0.0
SP000140,Mi?n Phú H??ng th?t b?m,Thůng,Mě Tôm,-1.0,"210,081.36","218,518.52","240,000.0"
SP000139,Mi?n Phú H??ng th?t b?m,Gói,Mě Tôm,-24.0,"8,753.39","9,104.94",0.0
SP000138,Mě ?? Nh?t th?t b?m,Thůng,Mě Tôm,15.0,"181,481.40","181,481.48","208,000.0"
SP000137,Mě ?? Nh?t th?t b?m,Gói,Mě Tôm,450.0,"6,049.38","6,049.38",0.0
SP000136,Mě ly Modern l?u Thái tôm,Thůng,Mě Tôm,25.0,"153,923.52","161,111.11","175,000.0"
SP000135,Mě ly Modern l?u Thái tôm,Ly,Mě Tôm,600.0,"6,413.48","6,712.96",0.0
SP000134,Mě l?u thái tôm,Thůng,Mě Tôm,11.0,"181,481.40","181,481.48","208,000.0"
SP000133,Mě l?u thái tôm,Gói,Mě Tôm,330.0,"6,049.38","6,049.38",0.0
SP000132,Mě H?o H?o xŕo tôm chua ng?t,Thůng,Mě Tôm,-1.0,"101,388.90","101,388.89","117,000.0"
SP000131,Mě H?o H?o xŕo tôm chua ng?t,Gói,Mě Tôm,-30.0,"3,379.63","3,379.63","4,000.0"
SP000130,Mě ly H?o H?o,Thůng,Mě Tôm,0.0,"175,000.08","175,000.0","203,000.0"
SP000129,Mě ly H?o H?o,Ly,Mě Tôm,0.0,"7,291.67","7,291.67",0.0
SP000128,Mě H?o H?o tôm chua cay,Thůng,Mě Tôm,166.970,"101,926.80","107,407.41","117,000.0"
SP000127,Mě H?o H?o tôm chua cay,Gói,Mě Tôm,"5,009.0","3,397.56","3,580.25",0.0
SP000126,Omachi x?t Spaghetti,Thůng,Mě Tôm,5.0,"208,333.20","208,333.20","234,000.0"
SP000125,Omachi x?t Spaghetti,Gói,Mě Tôm,150.0,"6,944.44","6,944.44",0.0
SP000124,Mě Omachi l?u tôm cŕng,Thůng,Mě Tôm,1.0,"194,444.40","194,444.10","215,000.0"
SP000123,Mě Omachi l?u tôm cŕng,Gói,Mě Tôm,30.0,"6,481.48","6,481.47",0.0
SP000122,Mě Omachi S??n,Thůng,Mě Tôm,3.0,"194,444.40","194,444.40","215,000.0"
SP000121,Mě Omachi S??n,Gói,Mě Tôm,90.0,"6,481.48","6,481.48",0.0
SP000120,Mě Omachi Bň H?m,Thůng,Mě Tôm,5.0,"194,444.40","194,444.40","215,000.0"
SP000119,Mě Omachi Bň H?m,Gói,Mě Tôm,150.0,"6,481.48","6,481.48",0.0
SP000118,S?a Nutri cam 297ml,Thůng,N??c Ng?t,-3.0,0.0,0.0,0.0
SP000117,S?a Nutri cam 297ml,L?c,N??c Ng?t,-12.0,0.0,0.0,0.0
SP000116,S?a Nutri Dâu 297ml,Thůng,N??c Ng?t,-1.0,0.0,0.0,0.0
SP000115,S?a Nutri Dâu 297ml,L?c,N??c Ng?t,-4.0,0.0,0.0,0.0
SP000114,N??c t?ng l?c Redbull Vi?t 250ml,Thůng,N??c Ng?t,-4.50,0.0,0.0,0.0
SP000113,N??c t?ng l?c Redbull Vi?t 250ml,L?c,N??c Ng?t,-18.0,0.0,0.0,0.0
SP000112,N??c t?ng l?c Redbull Vi?t 250ml,Lon,N??c Ng?t,-108.0,0.0,0.0,0.0
SP000110,Coca chai 600ml,Chai,N??c Ng?t,720.0,"6,370.83","5,791.67",0.0
SP000109,N??c t?ng l?c Warrior nho lon 325ml,Thůng,N??c Ng?t,0.0,0.0,0.0,0.0
SP000108,N??c t?ng l?c Warrior nho lon 325ml,L?c,N??c Ng?t,0.0,0.0,0.0,0.0
SP000106,N??c y?n nha ?am 500ml,Chai,N??c Ng?t,600.0,"6,816.90","6,816.90",0.0
SP000105,TRŕ bí ?ao Wonderfarm lon 310ml,L?c,N??c Ng?t,68.0,"32,030.58","32,954.55",0.0
SP000104,Trŕ bí ?ao Wonderfarm chai 440ml,Thůng,N??c Ng?t,12.0,"138,725.60","142,727.27","148,000.0"
SP000103,Trŕ bí ?ao Wonderfarm chai 440ml,L?c,N??c Ng?t,48.0,"34,681.40","35,681.82",0.0
SP000102,Trŕ bí ?ao Wonderfarm chai 280ml,Thůng,N??c Ng?t,0.0,0.0,0.0,0.0
SP000101,Trŕ bí ?ao Wonderfarm chai 280ml,L?c,N??c Ng?t,0.0,0.0,0.0,0.0
SP000100,N??c Soda Schweppes 320ml,Thůng,N??c Ng?t,0.0,0.0,0.0,0.0
SP000099,N??c Soda Schweppes 320ml,L?c,N??c Ng?t,0.0,0.0,0.0,0.0
SP000098,TRŕ Ô Long Tea Plus 320ml,Thůng,N??c Ng?t,-2.0,0.0,0.0,0.0
SP000097,TRŕ Ô Long Tea Plus 320ml,L?c,N??c Ng?t,-8.0,0.0,0.0,0.0
SP000096,Mirinda h??ng cam 320ml,Thůng,N??c Ng?t,-1.0,0.0,0.0,0.0
SP000095,Mirinda h??ng cam 320ml,L?c,N??c Ng?t,-4.0,0.0,0.0,0.0
SP000094,N??c t?ng l?c Rockstar lon 250ml,Thůng,N??c Ng?t,0.0,0.0,0.0,0.0
SP000093,N??c t?ng l?c Rockstar lon 250ml,L?c,N??c Ng?t,0.0,0.0,0.0,0.0
SP000092,S?a ??u nŕnh Tribeco lon 240ml,Thůng,N??c Ng?t,0.0,0.0,0.0,0.0
SP000091,S?a ??u nŕnh Tribeco lon 240ml,L?c,N??c Ng?t,0.0,0.0,0.0,0.0
SP000090,S?a ??u nŕnh Number One chai 268ml,Thůng,N??c Ng?t,0.0,0.0,0.0,0.0
SP000089,S?a ??u nŕnh Number One chai 268ml,L?c,N??c Ng?t,0.0,0.0,0.0,0.0
SP000088,Trŕ Dr Thanh 500ml,Thůng,N??c Ng?t,0.0,0.0,0.0,0.0
SP000087,Trŕ Dr Thanh 500ml,L?c,N??c Ng?t,0.0,0.0,0.0,0.0
SP000086,Trŕ Dr Thanh 330ml,Thůng,N??c Ng?t,0.0,0.0,0.0,0.0
SP000085,Trŕ Dr Thanh 330ml,L?c,N??c Ng?t,0.0,0.0,0.0,0.0
SP000084,Y?n Sŕo Sanest quai sách có ???ng,L?c,N??c Ng?t,0.0,0.0,0.0,0.0
SP000083,Y?n Sŕo Sanest H?p Quŕ có ???ng,H?p,N??c Ng?t,-2.0,0.0,0.0,0.0
SP000082,Y?n Sŕo Sanest có ???ng 70ml,H?p,N??c Ng?t,-5.0,0.0,0.0,0.0
SP000081,Y?n Sŕo Sanest Kid 62ml,H?p,N??c Ng?t,0.0,0.0,0.0,0.0
SP000080,Y?n Sanet lon 190ml,Thůng,N??c Ng?t,-3.0,0.0,0.0,0.0
SP000079,Y?n Sanet lon 190ml,L?c,N??c Ng?t,-15.0,0.0,0.0,0.0
SP000078,Trŕ xanh không ??,Thůng,N??c Ng?t,123.0,"168,498.0","168,181.82","190,000.0"
SP000077,Trŕ xanh không ??,Chai,N??c Ng?t,"2,952.0","7,020.75","7,007.58","10,000.0"
SP000076,N??c t?ng l?c NUMBER1 330ml,Thůng,N??c Ng?t,112.920,"185,881.68","177,447.55","190,000.0"
SP000075,N??c t?ng l?c NUMBER1 330ml,Chai,N??c Ng?t,"2,710.0","7,745.07","7,393.65","10,000.0"
SP000072,Sting dâu chai 330ml,Thůng,N??c Ng?t,-3.250,0.0,0.0,0.0
SP000071,Sting dâu chai 330ml,L?c,N??c Ng?t,-13.0,0.0,0.0,0.0
SP000070,Sting dâu chai 330ml,Chai,N??c Ng?t,-78.0,0.0,0.0,0.0
SP000069,Sting dâu lon 320ml,Thůng,N??c Ng?t,-5.040,0.0,0.0,0.0
SP000068,Sting dâu lon 320ml,L?c,N??c Ng?t,-20.170,0.0,0.0,0.0
SP000067,Sting dâu lon 320ml,Lon,N??c Ng?t,-121.0,0.0,0.0,0.0
8934588870552-2,Tra Olong Tea Plus 450ml,Thůng,N??c Ng?t,0.0,0.0,0.0,0.0
8934588870552-1,Tra Olong Tea Plus 450ml,L?c,N??c Ng?t,0.0,0.0,0.0,0.0
8934588870552,Tra Olong Tea Plus 450ml,Chai,N??c Ng?t,0.0,0.0,0.0,0.0
SP000066,Revive Tr?ng chai 500ml,Thůng,N??c Ng?t,-1.0,0.0,0.0,0.0
SP000065,Revive Tr?ng chai 500ml,L?c,N??c Ng?t,-4.0,0.0,0.0,0.0
SP000064,Revive Tr?ng chai 500ml,Chai,N??c Ng?t,-24.0,0.0,0.0,0.0
SP000063,N??c cam ép Twister 450ml,Thůng,N??c Ng?t,0.0,0.0,0.0,0.0
SP000062,N??c cam ép Twister 450ml,Chai,N??c Ng?t,0.0,0.0,0.0,0.0
SP000061,Pepsi lon 320ml,L?c,N??c Ng?t,-21.50,0.0,0.0,0.0
SP000060,Pepsi lon 320ml,Thůng,N??c Ng?t,-5.380,0.0,0.0,0.0
SP000059,Pepsi lon 320ml,Lon,N??c Ng?t,-129.0,0.0,0.0,"175,000.0"
SP000058,Coca lon 320ml,Thůng,N??c Ng?t,-13.130,0.0,0.0,0.0
SP000057,Coca lon 320ml,Lon,N??c Ng?t,-315.0,0.0,0.0,0.0
SP000056,Coca chai 390ml,Thůng,N??c Ng?t,0.0,0.0,0.0,0.0
SP000055,Coca chai 390ml,Chai,N??c Ng?t,0.0,0.0,0.0,0.0
SP000054,Trŕ Xanh C2 v? ?ŕo 455ml,Thůng,N??c Ng?t,-1.080,0.0,0.0,"178,000.0"
SP000053,Trŕ Xanh C2 v? ?ŕo 455ml,Chai,N??c Ng?t,-26.0,0.0,0.0,0.0
SP000052,Trŕ Xanh C2 v? chanh 455ml,Thůng,N??c Ng?t,26.0,"151,572.96","160,363.64","178,000.0"
SP000051,Trŕ Xanh C2 v? chanh 455ml,Chai,N??c Ng?t,624.0,"6,315.54","6,681.82",0.0
SP000050,Sting Thái t?ng l?c Warrior 325ml,Thůng,N??c Ng?t,0.0,0.0,0.0,0.0
SP000049,Sting Thái t?ng l?c Warrior 325ml,Lon,N??c Ng?t,0.0,0.0,0.0,0.0
SP000048,Sá x? Ch??ng D??ng,Thůng,N??c Ng?t,-4.0,0.0,0.0,0.0
SP000047,Sá x? Ch??ng D??ng,Lon,N??c Ng?t,-96.0,0.0,0.0,0.0
SP000046,Wake Up 247,Thůng,N??c Ng?t,283.750,"168,171.36","169,999.92","190,000.0"
SP000045,Wake Up 247,Chai,N??c Ng?t,"6,810.0","7,007.14","7,083.33","10,000.0"
SP000044,TRŕ bí ?ao Wonderfarm lon 310ml,Thůng,N??c Ng?t,17.0,"128,122.32","131,818.18","148,000.0"
SP000043,Bň Húc Redbull Thái 250ml,Thůng,N??c Ng?t,219.750,"288,951.12","266,000.0","305,000.0"
SP000042,Bň Húc Redbull Thái 250ml,Lon,N??c Ng?t,"5,274.0","12,039.63","11,083.33","14,000.0"
SP000041,TRŕ bí ?ao Wonderfarm lon 310ml,Lon,N??c Ng?t,408.0,"5,338.43","5,492.42",0.0
SP000040,Bia Red Ruby 24 lon cao 330ml,Thůng,Bia,0.0,0.0,0.0,0.0
SP000039,Bia Vi?t 24 lon cao 330ml,Thůng,Bia,0.0,0.0,0.0,0.0
SP000038,Bia Tiger b?c lon th?p 250ml,Thůng,Bia,-1.0,0.0,0.0,0.0
SP000037,Bia Heineken b?c 24 lon th?p 250ml,Thůng,Bia,15.0,"336,363.64","336,363.64",0.0
SP000036,Bia Heineken b?c lon cao 330ml,Thůng,Bia,-76.0,0.0,0.0,0.0
SP000035,Bia Tiger Crystal lon cao 330ml,Thůng,Bia,-2.380,"359,090.88","359,090.91","410,000.0"
SP000034,Bia Tiger Crystal lon cao 330ml,Lon,Bia,-57.0,"14,962.12","14,962.12","18,000.0"
SP000033,Bia Tiger lon cao 330ml,Thůng,Bia,16.0,"312,854.64","318,181.82","370,000.0"
SP000032,Bia Tiger lon cao 330ml,Lon,Bia,384.0,"13,035.61","13,257.58","16,000.0"
SP000031,Bia 333 lon 330ml,Thůng,Bia,26.0,"264,000.0","240,000.0","280,000.0"
SP000030,Bia 333 lon 330ml,Lon,Bia,624.0,"11,000.0","10,000.0",0.0
SP000029,Bia Sŕi Gňn Lager lon 330ml,Thůng,Bia,177.790,"255,000.0","231,818.18","265,000.0"
SP000028,Bia Sŕi Gňn Lager lon 330ml,Lon,Bia,"4,267.0","10,625.0","9,659.09",0.0
SP000027,S?a Dairy Champ có ???ng 1Kg,H?p,S?a,0.0,0.0,0.0,0.0
SP000026,S?a Dairy Champ có ???ng 500g,Thůng,S?a,0.0,0.0,0.0,0.0
SP000025,S?a Dairy Champ có ???ng 500g,H?p,S?a,0.0,0.0,0.0,0.0
SP000024,S?a Glucerna 220ml,L?c,S?a,0.0,0.0,0.0,0.0
SP000023,S?a Nestle Milo lúa m?ch h?p 180ml,Thůng,S?a,0.0,0.0,0.0,0.0
SP000022,S?a Nestle Milo lúa m?ch h?p 180ml,L?c,S?a,0.0,0.0,0.0,0.0
SP000021,S?a Anlene H??ng vani 4 h?p x 110ml,H?p,S?a,0.0,0.0,0.0,0.0
SP000020,S?a ??u nŕnh Fami b?ch 200ml,Thůng,S?a,0.0,0.0,0.0,0.0
SP000019,S?a ??u nŕnh Fami h?p 200ml,Thůng,S?a,0.0,0.0,0.0,0.0
SP000018,S?a ??u nŕnh Fami h?p 200ml,L?c,S?a,0.0,0.0,0.0,0.0
070074118659,S?a Ensure Original 237ml,Chai,S?a,197.0,"36,834.38","37,037.04","40,000.0"
SP000017,Phô mai Con Bň C??i 120g 8 mi?ng,H?p,S?a,0.0,0.0,0.0,0.0
SP000016,S?a ??u nŕnh Fami b?ch 200ml,B?ch,S?a,0.0,0.0,0.0,0.0
SP000015,S?a ??c Vinamilk tŕi l?c gi?y 1.284 kg,H?p,S?a,0.0,0.0,0.0,0.0
SP000014,S?a ??c Ông Th? V? 40g,V?,S?a,0.0,0.0,0.0,0.0
SP000013,"S?a ??c ngôi sao ph??ng nam gi?y 1,284kg",Hôp,S?a,245.0,"62,083.33","57,484.57","65,000.0"
SP000012,S?a ??c ngôi sao ph??ng nam gi?y 380g,H?p,S?a,-1.0,0.0,0.0,0.0
SP000010,S?a ??c Ngôi Sao Ph??ng Nam Xanh 380g,Lon,S?a,-1.0,0.0,0.0,0.0
8934841861112-1,S?a Fristi 80ml h??ng nho,Thůng,S?a,0.0,0.0,0.0,0.0
8934841861112,S?a Fristi 80ml h??ng nho,L?c,S?a,0.0,0.0,0.0,0.0
8934841901207-1,S?a Fristi 80ml h??ng táo,Thůng,S?a,0.0,0.0,0.0,0.0
8934841901207,S?a Fristi 80ml h??ng táo,L?c,S?a,0.0,0.0,0.0,0.0
8934673300513-1,S?a Susu 80ml h??ng dâu,Thůng,S?a,0.0,0.0,0.0,0.0
8934673300513,S?a Susu 80ml h??ng dâu,L?c,S?a,0.0,0.0,0.0,0.0
8934673300483-1,S?a Susu 80ml h??ng cam,Thůng,S?a,0.0,0.0,0.0,0.0
8934673300483,S?a Susu 80ml h??ng cam,L?c,S?a,0.0,0.0,0.0,0.0
8936025773174-1,S?a Kun trái cây 180ml h??ng dâu,Thůng,S?a,0.0,0.0,0.0,0.0
8936025773174,S?a Kun trái cây 180ml h??ng dâu,L?c,S?a,0.0,0.0,0.0,0.0
8934841900293-1,S?a Yomost 180ml h??ng dâu,Thůng,S?a,0.0,0.0,0.0,0.0
8934841900293,S?a Yomost 180ml h??ng dâu,L?c,S?a,0.0,0.0,0.0,0.0
SP000009,S?a Yomost 180ml h??ng cam,Thůng,S?a,0.0,0.0,0.0,0.0
SP000008,S?a Yomost 180ml h??ng cam,L?c,S?a,0.0,0.0,0.0,0.0
8935217400027-1,S?a TH Truemilk 1L,Thůng,S?a,0.0,0.0,0.0,0.0
8935217400027,S?a TH Truemilk 1L,H?p,S?a,0.0,0.0,0.0,0.0
SP000007,S?a Cô Gái Hŕ Lan 180ml có ???ng,Thůng,S?a,0.0,0.0,0.0,0.0
SP000006,S?a Cô Gái Hŕ Lan 180ml có ???ng,L?c,S?a,0.0,0.0,0.0,0.0
8934841901863-1,S?a Cô Gái Hŕ Lan 180ml h??ng dâu,Thůng,S?a,0.0,0.0,0.0,0.0
8934841901863,S?a Cô Gái Hŕ Lan 180ml h??ng dâu,L?c,S?a,0.0,0.0,0.0,0.0
SP000005,S?a t??i TH Truemilk 110ml ít ???ng,Thůng,S?a,0.0,0.0,0.0,"120,000.0"
SP_001,S?a t??i TH Truemilk 110ml ít ???ng,L?c,S?a,0.0,0.0,0.0,"10,000.0"
SP000003,S?a t??i TH Truemilk 180ml ít ???ng,Thůng,S?a,0.0,0.0,0.0,0.0
8935217400355,S?a t??i TH Truemilk 180ml ít ???ng,L?c,S?a,0.0,0.0,0.0,0.0
8935217400157-1,S?a t??i TH Truemilk 180ml có ???ng,Thůng,S?a,0.0,0.0,0.0,0.0
8935217400157,S?a t??i TH Truemilk 180ml có ???ng,L?c,S?a,0.0,0.0,0.0,0.0
8934841900286-1,Yomost cam 180ml,Thůng,S?a,-0.250,0.0,0.0,0.0
8934841900286,Yomost cam 180ml,L?c,S?a,-3.0,0.0,0.0,"1,000.0"
8934673601825-1,S?a chua Vinamilk nha ?am h?p 100g,Thůng,S?a,-0.170,0.0,0.0,0.0
8934673601825,S?a chua Vinamilk nha ?am h?p 100g,L?c,S?a,-2.0,0.0,0.0,0.0
8934673605823-1,S?a chua Vinamilk h?p 100g (không ???ng),Thůng,S?a,-0.080,0.0,0.0,0.0
8934673605823,S?a chua Vinamilk h?p 100g (không ???ng),L?c,S?a,-1.0,0.0,0.0,0.0
8934673606820-1,S?a chua Vinamilk h?p 100g (có ???ng),Thůng,S?a,-0.580,0.0,0.0,0.0
8934673606820,S?a chua Vinamilk h?p 100g (có ???ng),L?c,S?a,-7.0,0.0,0.0,0.0
8934673576390-1,S?a t??i Vinamilk 1 Lít (không ???ng),Thůng,S?a,0.0,0.0,0.0,0.0
8934673576390,S?a t??i Vinamilk 1 Lít (không ???ng),H?p,S?a,0.0,0.0,0.0,0.0
8934673573399-1,S?a t??i Vinamilk 1 Lít (có ???ng),Thůng,S?a,-0.080,0.0,0.0,0.0
8934673573399,S?a t??i Vinamilk 1 Lít (có ???ng),H?p,S?a,-1.0,0.0,0.0,0.0
8934673501354-1,S?a t??i Vinamilk 220ml (không ???ng),Thůng,S?a,0.0,0.0,0.0,0.0
8934673501354,S?a t??i Vinamilk 220ml (không ???ng),B?ch,S?a,0.0,0.0,0.0,0.0
8934673132343-1,S?a t??i Vinamilk 220ml (it ???ng),Thůng,S?a,-0.020,0.0,0.0,0.0
8934673132343,S?a t??i Vinamilk 220ml (it ???ng),B?ch,S?a,-1.0,0.0,0.0,0.0
8934673500357-1,S?a t??i Vinamilk 220ml (có ???ng),Thůng,S?a,-0.690,0.0,0.0,0.0
8934673500357,S?a t??i Vinamilk 220ml (có ???ng),B?ch,S?a,-33.0,0.0,0.0,0.0
SP000001,S?a t??i Vinamilk 110ml (có ???ng),Thůng,S?a,0.0,0.0,0.0,0.0
1121002613661,S?a t??i Vinamilk 110ml (có ???ng),L?c,S?a,0.0,0.0,0.0,0.0
8934673581349-1,S?a t??i Vinamilk 180ml (ít ???ng),Thůng,S?a,-1.080,0.0,0.0,0.0
8934673581349,S?a t??i Vinamilk 180ml (ít ???ng),L?c,S?a,-13.0,0.0,0.0,0.0
8934673573344-1,S?a t??i Vinamilk 180ml (có ???ng),Thůng,S?a,-1.0,0.0,0.0,0.0
8934673573344,S?a t??i Vinamilk 180ml (có ???ng),L?c,S?a,-12.0,0.0,0.0,"360,000.0"
SP0001098,N??c su?i number one 500ml,Chai,N??c Ng?t,"2,349.0",0.0,0.0,"5,000.0"
